1,Chip,"",Dawes
2,Biju,"",Thomas
3,Doug,"",Stuns
4,Matthew,"",Weishan
5,Joseph,C.,Johnson
6,Brian,"",Knight
7,Ralph,"",Kimball
8,Margy,"",Ross
9,Bill,"",Mann
10,Ian,H.,Witten
11,Eibe,"",Frank
12,Robert,D.,Schmidt
13,Ken,"",Henderson
14,Paul,"",Litwin
15,Ken,"",Getz
16,Mike,"",Gunderloy
17,Ben,"",Forta
18,Nate,"",Weiss
19,Leon,"",Chalnick
20,Angela,C.,Buraglia
21,Ramez,A.,Elmasri
22,Shamkant,B.,Navathe
23,Rob,"",Vieira
24,Paul,"",DuBois
25,Laurel,K.,Hamilton
26,Sue,Monk,Kidd
27,Tara,"",Calishain
28,Rael,"",Dornfest
29,Jay,P.,Decima
30,Wladyslaw,"",Szpilman
31,Roma,"",Ligocka
32,Michael,"",Cunningham
33,Larry,"",Bossidy
34,Ram,"",Charan
35,Charles,"",Burck
36,James,"",Patterson
37,Andrew,"",Gross
38,Jeffery,"",Deaver
39,Jacquelyn,"",Mitchard
40,Patrick,"",Lencioni
41,Mary,Higgins,Clark
42,Dee,"",Henderson
43,Ann,"",Patchett
44,Karen,Marie,Moning
45,Suzanne,"",Brockmann
46,Steven,"",Pinker
47,"Albert-László","","Barabási"
48,Edward,Osborne,Wilson
49,Stephen,"",Wolfram
50,Harold,"",McGee
51,Francis,"D. K.",Ching
52,Cassandra,"",Adams
53,Virginia,"",McAlester
54,Lee,"",McAlester
55,Bryan,"",Burkhart
56,Allison,"",Arieff
57,Ralph,R.,Kylloe
58,Leslie,Plummer,Clagett
59,Gerard,"",Gefen
60,Christine,"",Bastin
61,Jacques,"",Evrard
62,Donald,"",Kaufman
63,Taffy,"",Dahl
64,Laurel,"",Graeber
65,Tina,"",Freeman
66,Simon,"",Benninga
67,Benjamin,"",Czaczkes
68,Mark,"",Grinblatt
69,Sheridan,"",Titman
70,Robert,C.,Higgins
71,Paul,Marcus,Fischer
72,William,James,Taylor
73,Rita,Hartung,Cheng
74,Donald,E.,Kieso
75,Jerry,J.,Weygandt
76,Terry,D.,Warfield
77,Lawrence,"",Revsine
78,Daniel,W.,Collins
79,W.,Bruce,Johnson
80,Nicholas,"",Sparks
81,Don,"",DeLillo
82,Stephen,"",King
83,Mark,Z.,Danielewski
84,Michael,"",Romkey
85,Chuck,"",Palahniuk
86,Matthew,"",Delaney
87,Bernie,"",Wrightson
88,Jeffrey,M.,Wooldridge
89,Steven,J.,Root
90,Ken,"",Coffman
91,Gerald,"",Carter
92,Scott,"",Kelby
93,B.,J.,Fogg
94,Michael,"",Meyers
95,Carl,"",Sagan
96,Alice,"",Sebold
97,Ian,"",McEwan
98,Nora,"",Roberts
99,Andy,"",Rae
100,Joseph,"",Truini
101,Terry,"",Pratchett
102,Jupiter,"",Terminus
103,Saturnus,"",Summanus
104,Gemini,"",Jove
105,Liber,"",Silvius
106,Vulcan,"",Mercury
107,Cupid,"",Vulcan
108,Summanus,"",Terminus
109,Tatius,"",Quirinus
110,Terminus,"",Liber
111,Faunus,"",Hercules
112,Italus,"",Numitor
113,Vulcan,"",Italus
114,Janus,"",Tatius
115,Italus,"",Romulus
116,Mercurius,"",Liber
117,Janus,"",Aries
118,Italus,"",Terminus
119,Summanus,"",Silvanus
120,Mars,"",Iovis
121,Liber,"",Vulcan
123,Ryan,Z,Bone
124,Heather,L,Cook
125,Charlie,"",Brown
126,Captian,Cap,Hook
127,Bettina,"",Bair
128,Jane,Middlename,Smith
129,John,"",Jameson
130,Brooke,M,Mott
131,Vinny,"",Provenzale
132,Ryan,"",Parasilitti
133,Jane,"",Koch
134,Amanda,Elizabeth,Mason
135,Ben,"",Way
136,Jay,J,Bobo
137,Michael,"",Gee
138,Mark,"",Lorenz
139,"Alan ","",Gilbert
140,"Ann ","",Gilbert
141,Alex,Joseph,Krusinski
142,"Addison-Wesley Pub Co",,
143,"Addison-Wesley Publishing",,
144,"Anchor Books",,
145,"Back Bay Books",,
146,"Ballantine Books",,
147,"Berkley Pub Group",,
148,"Clarkson N. Potter",,
149,"Crown Pub",,
150,"Del Rey",,
151,"Dell Pub Co",,
152,"Donald M. Grant Publisher, Inc.",,
153,Doubleday,,
154,Fireside,,
155,"Gibbs Smith Publisher",,
156,Harlequin,,
157,Harper,,
158,HarperCollins,,
159,"Harperperennial Library",,
160,"Harvard Univ Pr",,
161,"Harvest Books",,
162,"John Wiley & Sons",,
163,Jossey-Bass,,
164,Knopf,,
165,"Lark Books",,
166,"Little Brown & Company",,
167,"Macromedia Press",,
168,"McGraw-Hill Osborne Media",,
169,"McGraw-Hill Trade",,
170,McGraw-Hill/Irwin,,
171,"MIT Press",,
172,"Morgan Kaufmann",,
173,"Multnomah Publishers Inc.",,
174,"New Riders Publishing",,
175,"O'Reilly & Associates",,
176,"Pantheon Books",,
177,"Penguin USA",,
178,Perennial,,
179,"Perseus Publishing",,
180,Picador,,
181,"Pocket Books",,
182,"Prentice Hall",,
183,"Prentice Hall PTR",,
184,Publisher,,
185,"Putnam Pub Group",,
186,"Random House",,
187,"Random House Trade Paperbacks",,
188,"Schmidt Ink, Inc.",,
189,Scribner,,
190,"Scribner Paperback Fiction",,
191,Silhouette,,
192,"Simon & Schuster",,
193,"South-Western College Pub",,
194,"St. Martin's Press",,
195,Sybex,,
196,"Taunton Pr",,
197,"Vendome Pr",,
198,"Viking Press",,
199,"Vintage Books",,
200,"W.W. Norton & Company",,
201,"Warner Books",,
202,"Wolfram Media, Inc.",,
203,"Wrox Press Inc",,
204,"Warehouse 1",,
205,"Warehouse 2",,
206,"Warehouse 3",,
207,"Warehouse 4",,
208,"Warehouse 5",,
209,"Warehouse 6",,
210,"Warehouse 7",,
211,"Warehouse 8",,
212,"Warehouse 9",,
213,"Warehouse 10",,
214,"Warehouse 11",,
215,"Warehouse 12",,
216,"Warehouse 13",,
217,"Warehouse 14",,
218,"Warehouse 15",,
219,"Warehouse 16",,
220,"Warehouse 17",,
221,"Warehouse 18",,
222,"Warehouse 19",,
223,"Warehouse 20",,
224,"Employee 1",,
225,"Employee 2",,
226,"Employee 3",,
227,"Employee 4",,
228,"Employee 5",,
229,"Employee 6",,
230,"Employee 7",,
231,"Employee 8",,
232,"Employee 9",,
233,"Employee 10",,
234,"Employee 11",,
235,"Employee 12",,
236,"Employee 13",,
237,"Employee 14",,
238,"Employee 15",,
239,"Employee 16",,
240,"Employee 17",,
241,"Employee 18",,
242,"Employee 19",,
243,"Employee 20",,
